name,acousticness,danceability,energy,instrumentalness,liveness,loudness,speechiness,tempo,valence,pctCalm,pctEnergetic,pctHappy,pctSad,uri
Sun Daze BY Florida Ge...,0.10641084251916347,0.3608108108108108,0.9694002447980415,5.034602076124568e-06,0.5142271212509613,0.837591719077568,0.028909119948889957,0.7494453049776031,0.8629976580796253,0.0121714035,0.23376088,0.72646725,0.027600452,0El2Zyt68nYySFDG87hZgM
"Speakers, Bleachers And Preachers BY Brandon La...",0.3278263598485383,0.5324324324324324,0.5691554467564259,0.0,0.13355549859010507,0.6554638364779873,0.0046318479476121985,0.23283236348920605,0.6311475409836065,0.18668412,0.16410588,0.44805986,0.20115018,0Is6MRHWKe7y2xIxDkvO6l
Power of Positive Drinkin' BY Chris Jans...,0.27461713793024817,0.5108108108108107,0.8506731946144429,0.0,0.354011791848244,0.7648715932914045,0.08049832295160517,0.735169757608741,0.5702576112412178,0.058225967,0.30851623,0.46479598,0.16846178,3yww2zhTK6xJuVGtn6oHNY
Broken Halos BY Chris Stap...,0.14539474184297196,0.5459459459459459,0.49449204406364733,2.8546712802768167e-06,0.027813381184311724,0.6212657232704402,0.0035138156843954604,0.10980868254699211,0.49882903981264637,0.18626809,0.2872236,0.36457798,0.16193035,06gD2ZtK3Dzc1BYqWExQJJ
Hotel Key BY Old Domini...,0.16494098662928264,0.7418918918918919,0.865361077111383,0.0,0.3476031786721353,0.7521619496855345,0.0392908481073311,0.274682184172702,0.9976580796252926,0.026846498,0.12622702,0.8327481,0.01417843,33471tzU1VghDg9zNgGRpz
Night Shift BY Jon Pardi...,0.10445621804053239,0.5689189189189189,0.7270501835985311,0.0,0.29633427326326583,0.8519392033542976,0.008784539210988658,0.23268584027574274,0.7236533957845432,0.043856546,0.29010323,0.6224041,0.04363614,0bPnT6i9H1p8Vd85GS6Z7I
Most People Are Good BY Luke Bryan...,0.19100264634436354,0.5094594594594594,0.7001223990208078,0.0,0.14252755703665723,0.6811451781970649,0.00798594473726242,0.6102273202997448,0.550351288056206,0.07176574,0.2950216,0.46625152,0.16696116,79LAFAkR1ATb4iIQvZuCL0
Small Town BY John Melle...,0.16819869409366775,0.6081081081081081,0.9290085679314565,0.009342560553633219,0.35273006921302225,0.9112945492662472,0.01661076505350583,0.4220217412539597,0.6077283372365339,0.032858863,0.41625834,0.48727065,0.06361216,2HsjJJL4DhPCzMlnaGv7ap
Born to Love You BY LANCO...,0.14213703437858685,0.6081081081081081,0.9082007343941249,0.0001711072664359862,0.026403486285567802,0.6797693920335428,0.010701165947931641,0.434950670518134,0.8173302107728337,0.021777965,0.19604789,0.7581995,0.023974646,77a5Eu7lC3tG0Sukt2O91U
Simple BY Florida Ge...,0.09196833942705612,0.22432432432432436,0.8922888616891064,0.0,0.1271468854139964,0.8427672955974841,0.12170579779587923,0.9560221040733454,0.9004683840749413,0.011567199,0.21410334,0.75808525,0.016244203,4P92FrvmYQSAfOpp4cpFEi
Colorado BY Florida Ge...,0.1996898662493905,0.37702702702702695,0.8543451652386781,0.0,0.4424506536785439,0.9074947589098531,0.0650055901613161,0.6089644297456078,0.7704918032786885,0.024289351,0.2378327,0.68367314,0.05420477,3tPBJEpMATWJnltCnJD7JC
Shotgun Rider BY Tim McGraw...,0.136707521937945,0.35,0.9106487148102814,6.730103806228374e-06,0.1643168418354268,0.7857704402515722,0.04232550710749081,0.7350441662829152,0.6885245901639343,0.018710252,0.30749637,0.6259916,0.047801804,3LbvNFkqDTrE1liGMmZBDL
Where The Green Grass Grows BY Tim McGraw...,0.21489250108318772,0.3648648648648648,0.6585067319461443,0.0,0.11432965906177903,0.5669549266247379,0.00766650694777192,0.6771395877813595,0.6569086651053864,0.06805648,0.18952374,0.5928148,0.14960499,7notvUHdzgdCftnTNuUzvF
Just To See You Smile BY Tim McGraw...,0.13779342442607337,0.3824324324324324,0.8115055079559362,0.0,0.01986670084593694,0.5268605870020964,0.010860884842676888,0.22112446100389332,0.6908665105386416,0.04691593,0.23213139,0.6565071,0.06444559,06YGnGRD3zbVQyrlZeV5pQ
Top Of The World BY Tim McGraw...,0.31479552999099786,0.6310810810810811,0.7723378212974297,0.0,0.5770315303768264,0.7159329140461215,0.02459670979076825,0.5481642734541801,0.97423887587822,0.044826087,0.087481394,0.82072026,0.046972252,06s2xqfSDROCIhzxH5Hsu6
Whiskey Glasses BY Morgan Wal...,0.3951523141124973,0.5486486486486486,0.6364749082007344,3.0276816608996542e-06,0.1002307100743399,0.7852463312368971,0.009103977000479158,0.6094109766818772,0.6908665105386416,0.11733396,0.14774257,0.5211861,0.21373741,3hcuw44nHQY18cmidrDadf
You're In It BY Granger Sm...,0.033112424570498414,0.504054054054054,0.887392900856793,0.0,0.437323763137657,0.728380503144654,0.024916147580258743,0.34451793862770547,0.563231850117096,0.028613327,0.4564808,0.45902413,0.055881772,3K1FNPp9ADkE4ouWez9du2
The Gator Boys - iHeart Radio Live BY Midland...,0.06894720667873466,0.43513513513513513,0.5055079559363524,0.0,0.701358625993335,0.3750655136268344,0.052547516371186716,0.21849402045743155,0.5351288056206088,0.1819968,0.23794687,0.37738732,0.20266904,3JytWoahv6KtM057egDVqR
Kiss That Girl Goodbye BY Aaron Wats...,0.00803893611961433,0.577027027027027,0.8567931456548347,0.0,0.04934632145603692,0.8202961215932913,0.019006548474684547,0.3785043468553327,0.6405152224824355,0.020629084,0.41135266,0.54060084,0.02741745,41ArcO4X1q718v1v7DeDS6
Every Little Honky Tonk Bar BY George Str...,0.3169673349672546,0.6094594594594595,0.8200734394124846,0.0,0.13355549859010507,0.751375786163522,0.00974285257946015,0.4146537168055148,0.8711943793911007,0.043306462,0.1279012,0.7844231,0.044369206,64Zm9wNGj6coqg4zsb0Soj
Should've Been A Cowboy BY Toby Keith...,0.2648440155370928,0.4999999999999999,0.6988984088127295,0.0,0.3335042296846962,0.7146881551362683,0.015013576106053347,0.4949135513040565,0.5925058548009368,0.09485986,0.2432534,0.4613042,0.20058255,4EDBgrYqYQ6b50yhJWKsHp
Just Another Day In Paradise BY Phil Vassa...,0.38972280167185547,0.522972972972973,0.668298653610771,0.0,0.41425275570366565,0.7210429769392033,0.005111004631847951,0.5822204546405996,0.6943793911007025,0.11772536,0.13863638,0.49057135,0.25306696,4LlNoNZflek4hZyZigCxpW
Check Yes Or No BY George Str...,0.059717035529643504,0.6743243243243242,0.44553243574051404,5.55363321799308e-06,0.0003845167905665234,0.2570754716981132,0.019645424053665553,0.3407153123735365,0.676814988290398,0.16887744,0.16025726,0.59098965,0.07987567,6iy4PoAuZBMvtrlDX4VxC7
Dust On The Bottle BY David Lee ...,0.025619697402412656,0.7121621621621621,0.5556915544675642,1.0103806228373702e-05,0.3270956165085875,0.35665618448637304,0.02555502315923973,0.260197317927464,0.8735362997658079,0.07531161,0.12170134,0.7762173,0.02676976,0Xg68XXMRWzKQvD5S6BFvI
Diamond In My Pocket BY Cody Johns...,0.29307748022843044,0.4554054054054054,0.8298653610771113,2.1453287197231833e-05,0.060625480645988196,0.8554769392033542,0.014374700527072348,0.622821339361717,0.7107728337236533,0.036806773,0.2181607,0.6558758,0.089156784,24Nt4OalWDICkEKVy81X6k
Drinkin' Problem BY Midland...,0.05960844528083067,0.5581081081081081,0.7380660954712362,1.5415224913494808e-05,0.354011791848244,0.6661425576519915,0.005430442421338444,0.2745565928468762,0.5960187353629977,0.05551198,0.36401638,0.50881606,0.07165558,1vBpwxsLVwaR4evBIaFmqD
At Least You Cried BY Midland...,0.010395344518852895,0.44189189189189193,0.8408812729498164,0.010934256055363323,0.3604204050243527,0.7545204402515722,0.02779108768567321,0.42798035193480416,0.686182669789227,0.022617087,0.34348506,0.5950135,0.038884364,6y0mAMhVwWpbqQyWeBWDbp
Burn Out BY Midland...,0.3169673349672546,0.6243243243243244,0.690330477356181,0.0,0.2489105357600615,0.7178983228511528,0.0023957834211787293,0.2604345459873571,0.8067915690866511,0.09787671,0.14139313,0.678258,0.082472205,7yrJnekdlwWARt5lmVqJ6L
If You Ain't Here To Party BY Luke Bryan...,0.030180487852551816,0.3891891891891892,0.9155446756425948,0.0,0.35913868238913094,0.8016247379454926,0.03274237342277591,0.6795816413390827,0.8079625292740047,0.012541631,0.27371076,0.6886461,0.025101466,7mu21H4g5sGUX7n3tGsGig
Beer Can BY Luke Combs...,0.0033586963957810516,0.4540540540540541,0.8274173806609547,0.0,0.047295565239682126,0.7303459119496855,0.03577703242293564,0.5953935892605462,0.7482435597189695,0.015225547,0.27325594,0.68846655,0.023051955,5k8m3ZCp3AP4TKd2IKzKO8
Mr. Lonely BY Midland...,0.03550141004438083,0.5202702702702702,0.8555691554467563,8.09688581314879e-06,0.4988464496283003,0.7575995807127882,0.021721769685353776,0.6089714070414871,0.8653395784543325,0.013646282,0.19701633,0.76778644,0.021550888,3sEa95MTLJ8JcoP5A97bWl
Boys 'Round Here (feat. Pistol Annies & Friends) BY Blake Shel...,0.2724453329539914,0.5432432432432432,0.646266829865361,4.065743944636678e-06,0.270699820558831,0.6681734800838574,0.04791566842357451,0.748280096565775,0.6288056206088992,0.10061835,0.19908088,0.4935575,0.20674326,39FwE8edwuyiaa4PrGBkP7
Mr. Misunderstood BY Eric Churc...,0.0681870749370448,0.23783783783783785,0.7931456548347613,0.0,0.37580107664701357,0.6484538784067085,0.03529787573869988,0.46447858667894665,0.5081967213114754,0.035531998,0.3972216,0.4545043,0.11274203,79dlQxvdsCDApoM8XChkpy
Watch The Wind Blow By BY Tim McGraw...,0.10022119833683174,0.4162162162162162,0.5483476132190942,0.0,0.04345039733401692,0.61333857442348,0.0057498802108289365,0.0,0.46135831381733017,0.13773353,0.35228166,0.36715353,0.14283128,6Os7cO6a6UeglnpIKidRjh
Out Of Sight BY Midland...,0.07893750956951567,0.5067567567567567,0.8494492044063647,1.1332179930795848e-05,0.4975647269930787,0.7064989517819706,0.020603737422137038,0.39356135136266585,0.7119437939110069,0.029087156,0.2914201,0.6331248,0.046367824,1pxdS67xTNTsxDtGzDOiv7
Knockin' Boots BY Luke Bryan...,0.1399652294023301,0.7162162162162162,0.6389228886168911,0.0,0.37323763137657007,0.841194968553459,0.2908481073310972,0.4837568551932014,0.6112412177985947,0.1355241,0.38339156,0.42233306,0.058751274,6ERR6e7h6wCqGoz1TjiUJb
Castle On The Hill - Recorded at Sound Stage Nashville BY Thomas Rhe...,0.12693439954478966,0.6243243243243244,0.47001223990208074,5.397923875432526e-05,0.14380927967187898,0.5206367924528301,0.012298354895384118,0.4905248321960341,0.5339578454332552,0.17397308,0.23921607,0.39248985,0.19432099,71R7NckyIlOd8fJzoZIJfR
East Bound And Down BY Midland...,0.045274532437536166,0.5554054054054054,0.9963280293757649,2.664359861591696e-05,0.3873365803640092,0.8119103773584905,0.0779428206356812,0.3866468511463697,0.7002341920374706,0.019394714,0.39906543,0.55189973,0.029640187,5JelBZwTfs9LZAUbeeVbqd
This Old Heart BY Midland...,0.034198327058626785,0.5648648648648649,0.7123623011015912,0.0,0.2566008715713919,0.7453485324947589,0.00559016131608369,0.4351390575068726,0.6405152224824355,0.03996934,0.34578794,0.5591471,0.055095598,35sSKJFvWxfNCfZFsWoBy2
Tougher Than The Rest - Recorded At Sound Stage Studios Nashville BY Midland...,0.053527391347311784,0.5283783783783783,0.4112607099143206,0.0027681660899653983,0.28095360164060496,0.4568920335429769,0.0028749401054144683,0.264167399282734,0.4730679156908665,0.20266095,0.26368448,0.32574177,0.20791277,76v3BntynHQflWb5ptBgV4
All My Friends Say BY Luke Bryan...,0.04755492766260575,0.6405405405405405,0.9057527539779681,0.0,0.17969751345808763,0.7957285115303983,0.01661076505350583,0.37946721368666364,0.9953161592505854,0.013121091,0.15323618,0.82294893,0.010693818,539dFCMA8lfEElDPgGpcIB
Friends BY Blake Shel...,0.06069434776895904,0.622972972972973,0.8739290085679313,6.228373702422145e-06,0.31171494488592666,0.720649895178197,0.010222009263695896,0.3223580469153375,0.572599531615925,0.03537358,0.43841058,0.47388414,0.052331712,5cWU0i23BOS8pSwrYWEMS8
Don't Tempt Me BY Luke Combs...,0.010362767444209046,0.47027027027027035,0.8372093023255812,0.0,0.021532940271725205,0.7825602725366876,0.023478677527551513,0.5890861137857413,0.7540983606557377,0.013857281,0.27703455,0.6874971,0.021611126,2JPgcccyZ938uv9AjCGMWq
Fix a Drink BY Chris Jans...,0.03213511233118288,0.47837837837837827,0.8898408812729498,0.0,0.40399897462189177,0.7570099580712788,0.10030346590001596,0.6656340268765439,0.7985948477751756,0.0142387,0.2521234,0.7116879,0.02195,0s6OWiWGuiCcm1Muzch5A8
Love Ain't BY Eli Young ...,0.006030016516576844,0.5283783783783783,0.8457772337821298,1.6920415224913495e-05,0.06703409382209688,0.7811189727463312,0.02539530426449449,0.24669625040119453,0.7201405152224823,0.024650643,0.34536192,0.60277176,0.027215756,6uVzeU47Qzg0rrMneP5BNg
Some Of It BY Eric Churc...,0.3701765568855448,0.47432432432432436,0.7050183598531211,1.6972318339100346e-05,0.15149961548320942,0.6067872117400419,0.03465900015971889,0.11996064805124124,0.8337236533957845,0.102677636,0.104332514,0.71786255,0.075127356,3d1qN7AHge6BXuVPutcpI5
Goodbye In Telluride BY Dierks Ben...,0.23552464835762676,0.6121621621621621,0.5336597307221541,0.0,0.1412458344014355,0.6443265199161425,0.024916147580258743,0.26769093370173463,0.6007025761124122,0.19055656,0.21134959,0.4336852,0.16440862,3CJEbmr6W4evGStck6Whdw
That Old Truck BY Thomas Rhe...,0.42121397382757825,0.5297297297297296,0.5813953488372092,3.494809688581315e-05,0.19251473981030504,0.6105870020964359,0.014534419421817601,0.21501234981370615,0.6053864168618266,0.24298276,0.12434783,0.34898713,0.2836823,0kjnvAqQvdjN69aDTGlceq
How Am I Doin' BY Dierks Ben...,0.13562161944981663,0.4310810810810811,0.8702570379436964,0.0,0.24762881312483975,0.5606656184486373,0.1582814246925411,0.8320634654833172,0.6592505854800936,0.031279773,0.26890352,0.6399577,0.05985902,3bvr2R5FUjrC3orh47Qe5V
One Way BY Dierks Ben...,0.0327866538240599,0.5905405405405405,0.660954712362301,2.7162629757785466e-05,0.18097923609330938,0.6099318658280921,0.027950806580418465,0.3787764613946219,0.5327868852459016,0.07227125,0.3911112,0.45142624,0.08519135,47kgihttYKK8KuydjaOPZP
Travelin' Light BY Dierks Ben...,0.09935247634632906,0.3851351351351351,0.8947368421052632,3.200692041522492e-06,0.2655729300179441,0.7163915094339621,0.08433157642549113,0.7911137159682393,0.7423887587822013,0.017507045,0.26397058,0.6832901,0.035232283,0EcxKmWwogn7f51Z0UHFQd
How I'm Going Out BY Dierks Ben...,0.3625752394686462,0.47702702702702704,0.5728274173806609,7.491349480968859e-05,0.05216611125352474,0.5619758909853249,0.01389554384283661,0.12779615132359295,0.5960187353629977,0.22505341,0.14565003,0.40181836,0.2274781,5dacKGUQ1xTS596919Agv0
Why Don't We Just Dance BY Josh Turne...,0.45596285344768606,0.6324324324324325,0.7539779681762546,0.0011920415224913497,0.07510894642399385,0.6967374213836477,0.025075866475003997,0.41294427931510863,0.6206088992974238,0.15918462,0.16872348,0.4408368,0.23125519,2p07VcUwRZ5sru3mJ0JogS
Brother Jukebox BY Mark Chesn...,0.20729118366628912,0.5716216216216216,0.5569155446756425,0.0017820069204152252,0.14893617021276592,0.3666142557651991,0.005270723526593198,0.5471804747352116,0.936768149882904,0.06717426,0.06317292,0.8239558,0.045697093,1Ov6koHfZL43pGCDdfIoHf
It's A Great Day To Be Alive BY Travis Tri...,0.26701582051334954,0.5216216216216215,0.6034271725826194,0.0,0.29120738272237884,0.7621200209643605,0.0057498802108289365,0.4624551708739761,0.5035128805620609,0.13409883,0.25383988,0.32312003,0.28894126,3oW6SWwGqiZSPTiAp7ZQoH
Small Town Southern Man BY Alan Jacks...,0.13019210700917477,0.6405405405405405,0.3402692778457772,1.4688581314878894e-05,0.2976159958984876,0.27089884696016775,0.00559016131608369,0.49051087760427564,0.5339578454332552,0.29093647,0.1364508,0.30330124,0.2693115,5ExWY6ojo1Qm3rC7iaEqx2
Take It Easy - 2006 Remaster BY Travis Tri...,0.012480277296059368,0.5716216216216216,0.8763769889840881,0.0,0.021661112535247364,0.7441037735849056,0.007506788053026674,0.5464408813720156,0.7330210772833723,0.014689317,0.2955018,0.6684759,0.021332968,1UEKaf3j6eXeNbySz761lc
Even Though I'm Leaving BY Luke Combs...,0.25507089314393744,0.45675675675675675,0.7135862913096694,0.0,0.2489105357600615,0.6881551362683438,0.015013576106053347,0.10640376215793806,0.626463700234192,0.105125256,0.2449119,0.523639,0.12632373,3sVLgsSTHRu483w6QciloO
It's A Little Too Late - 1996 Greatest Hits Version BY Mark Chesn...,0.3441148971704639,0.4094594594594595,0.9167686658506732,0.0,0.04011791848244039,0.59375,0.043922696054943304,0.7697701678737388,0.7950819672131147,0.03587909,0.14326604,0.7506083,0.07024662,0D5L0ZxGyhEFTqhfiXwYxw
Free And Easy (Down The Road I Go) BY Dierks Ben...,0.0055847964964442125,0.47027027027027035,0.813953488372093,0.002837370242214533,0.17969751345808763,0.7803328092243186,0.008624820316243405,0.4002665327025858,0.8536299765807962,0.016620843,0.21820687,0.74442613,0.020746103,4Ng7hGdPwpINleVecBWiOO
Heartache On The Dance Floor BY Jon Pardi...,0.06102011851539755,0.522972972972973,0.8249694002447979,0.0,0.06382978723404253,0.8031970649895177,0.039131129212585845,0.372238735155803,0.5925058548009368,0.02937213,0.41597632,0.51270306,0.04194843,0w3Q14i073jLoew1hgJkwD
Drunk On A Plane BY Dierks Ben...,0.005259025750005701,0.2891891891891891,0.6976744186046511,1.9550173010380623e-05,0.25788259420661364,0.7207809224318658,0.014534419421817601,1.0,0.6416861826697892,0.025779678,0.34929875,0.54933953,0.07558202,1soxUgYIZb1qx1c7o1Lc7z
Wrapped BY George Str...,0.27461713793024817,0.5094594594594594,0.7368421052631579,0.0,0.09254037426300948,0.8197720125786163,0.005430442421338444,0.3587516222212918,0.5597189695550351,0.08538193,0.30288115,0.4514241,0.16031286,1FWAB1KZHJnAeET0288xha
Rumor (Bryan Todd Remix) BY Lee Brice...,0.18122952395120823,0.6027027027027028,0.5716034271725826,4.705882352941176e-06,0.06331709817995385,0.7399109014675052,0.030027152212106688,0.10726894684696003,0.5620608899297423,0.15573804,0.30325666,0.42408425,0.116920985,1nBJxJ5aI1jWjcw731YwHe
Little Bit of Life BY Craig Morg...,0.3169673349672546,0.6189189189189189,0.8249694002447979,0.0,0.3206870033324788,0.7746986373165617,0.01836767289570356,0.23927938488159534,0.6920374707259952,0.08568966,0.23571616,0.5759805,0.10261368,1jSZ1IETySh2kDTnyfIE0I
Georgia Time BY Riley Gree...,0.04364567870534362,0.5202702702702702,0.5642594859241126,0.0,0.1027941553447834,0.6772798742138364,0.007187350263536174,0.10015908234604592,0.6639344262295082,0.078326195,0.28091455,0.58692557,0.053833794,5XqHOqbjKb7YsQV6f3eGeD
This Is It BY Scotty McC...,0.2757030404183765,0.47027027027027035,0.4296205630354957,0.0,0.0797231479107921,0.6407232704402515,0.009902571474205396,0.651623616751092,0.5737704918032787,0.16890061,0.1482032,0.366955,0.31594118,34DFpyq5NJJ79GnGbbJH3p
Blue Collar Boys BY Luke Combs...,0.008820785911066758,0.43243243243243246,0.7992656058751528,0.0,0.4129710330684439,0.7239910901467503,0.01565245168503434,0.6378504346855334,0.7939110070257611,0.016306464,0.23778117,0.71799,0.027922371,0KtxdSPi1ZbDc3wwD2IGF0
"1, 2 Many BY Luke Combs...",0.04299413721246659,0.4472972972972973,0.8090575275397797,0.0,0.4950012817226352,0.8371986373165617,0.10317840600543043,0.6010312443309471,0.6709601873536299,0.024586458,0.3610754,0.5698979,0.044440243,6pgN3d6oBrhmrSAKBfWNsf
What You See Is What You Get BY Luke Combs...,0.06894720667873466,0.5189189189189188,0.7894736842105263,0.0,0.2425019225839528,0.7649371069182389,0.018687110685194054,0.2881972062907299,0.8583138173302107,0.025903668,0.20009407,0.7493288,0.024673436,1xIgz2QjA85ZpXiIoj6mMo
A Long Way BY Luke Combs...,0.02095031670346066,0.37027027027027026,0.6768665850673193,0.0002491349480968858,0.35785695975390924,0.7560927672955974,0.010541447053186388,0.6925175478991361,0.5655737704918032,0.033612285,0.37321094,0.48904538,0.10413136,3z1QH1O1h15lFROjcECqgi
Break Up More Often BY Riley Gree...,0.07926328031595418,0.531081081081081,0.49204406364749087,1.1470588235294118e-05,0.0835683158164573,0.7023715932914045,0.008145663632007666,0.5819971811724647,0.5035128805620609,0.10266561,0.3293605,0.3949548,0.17301907,6FpSqJRS0786oDMKIDqISd
Chattahoochee BY Alan Jacks...,0.39298050913624055,0.5364864864864864,0.668298653610771,0.0,0.1579082286593181,0.4522405660377359,0.02395783421178726,0.7806407948535465,0.8278688524590163,0.091198854,0.074172564,0.6917256,0.14290287,59kHPbwyyCApYA8RQQEuXm
I Just Wanted You To Know BY Mark Chesn...,0.21054889113067424,0.5121621621621621,0.5116279069767441,3.685121107266436e-06,0.17328890028197894,0.3020178197064989,0.004472129052866952,0.5764502309484936,0.8021077283372365,0.110901736,0.085039824,0.69679517,0.10726328,39KHPb4hftle7NNR9F1OIR
She Gone BY Randall Ki...,0.0007036648123071844,0.5364864864864864,0.8812729498164015,5.017301038062284e-05,0.3681107408356831,0.8294680293501047,0.03641590800191662,0.4979068112362372,0.7096018735362997,0.0164079,0.35891315,0.59764946,0.027029578,4HdB6veTsV8GTmw9H6svyU
Tequila Little Time BY Jon Pardi...,0.04060515173858417,0.7405405405405404,0.6670746634026927,1.0034602076124568e-05,0.09894898743911817,0.7523584905660377,0.0036735345791407137,0.2952931161998856,0.8700234192037469,0.033904828,0.18357879,0.76630414,0.016212234,15npbUjCgwt2lRvyrJvyxw
Buy That Man A Beer BY Jon Pardi...,0.07057606041092722,0.44324324324324327,0.7711138310893513,0.00016176470588235295,0.09254037426300948,0.8504323899371068,0.013576106053346103,0.9719094067903042,0.9976580796252926,0.010307544,0.13444066,0.8436249,0.011626877,4wNVYLmFhhBIhBeA2VgmJ4
Nobody Leaves A Girl Like That BY Jon Pardi...,0.03734744427419907,0.5878378378378378,0.843329253365973,0.0,0.15149961548320942,0.846174004192872,0.018687110685194054,0.24638924938250922,0.8337236533957845,0.022121076,0.26056445,0.6975346,0.019779868,7eZ8yGicfHsHQmAWwupaY3
Me And Jack BY Jon Pardi...,0.023665072923781588,0.2364864864864865,0.9767441860465115,5.242214532871973e-05,0.3014611638041528,0.8877096436058699,0.05893627216099664,0.3097779824451236,0.7459016393442622,0.017094774,0.39372492,0.5500562,0.03912405,6dHvwnHL84SuSbzzzZGbVP
Old Hat BY Jon Pardi...,0.09327142241281017,0.5283783783783783,0.8421052631578946,0.0,0.036272750576775196,0.8322196016771487,0.020603737422137038,0.6091877032137425,0.7868852459016393,0.015441752,0.2315569,0.72967035,0.023330962,2BNTOqv1zDZbItHIiuUKWf
Party Crowd BY David Lee ...,0.04103951273383553,0.7418918918918919,0.605875152998776,0.0,0.05472955652396821,0.3214753668763103,0.010062290368950642,0.4499727885460711,0.7669789227166276,0.073935896,0.16097695,0.725856,0.039231207,57IEs29xqMQaAkjQ8iQuI0
Altitude Adjustment BY Midland...,0.1475665468192287,0.5540540540540541,0.9216646266829865,0.0,0.17969751345808763,0.8014281970649895,0.029867433317361435,0.4351390575068726,0.9039812646370023,0.016933136,0.17025198,0.79313505,0.01967986,4XSLXwwLskeFy1k6ec4tBg
Somewhere On The Wind BY Midland...,0.10206723256664998,0.1783783783783784,0.8310893512851897,0.0,0.08741348372212251,0.6539570230607965,0.040888037054783576,0.9860872720168572,0.5784543325526932,0.026805906,0.37722528,0.5020402,0.09392855,7kISgr6Y51hKENX23gXu2L
Brand New Man - with Luke Combs BY Brooks & D...,0.002956912475173554,0.49189189189189175,0.8408812729498164,0.00012837370242214534,0.21430402460907455,0.7658542976939202,0.0191662673694298,0.44940762757985514,0.5819672131147541,0.022076212,0.43653134,0.49936014,0.04203234,6SewJZC2f9ETwJR2zZWkOP
Summer Nights BY Rascal Fla...,0.017584018990262712,0.44864864864864873,0.8996328029375765,0.0,0.6846962317354524,0.7654612159329139,0.022041207474844275,0.27510082192545454,0.6381733021077283,0.02764769,0.42183653,0.4914564,0.05905937,27rSEMh30XdxOgQX7AKSaM
Back On The Backroads BY Jon Pardi...,0.10727956450966616,0.34189189189189195,0.7968176254589964,0.0,0.1784157908228659,0.7800707547169811,0.0191662673694298,0.7210198015657052,0.5058548009367682,0.030401584,0.41325012,0.4351626,0.12118566,6rDaYgIdP4qDRYpUlOnlLV
I Know She Ain't Ready BY Luke Combs...,0.04864083015073412,0.3621621621621621,0.6952264381884944,0.0,0.08228659318123557,0.6939858490566038,0.017249640632486823,0.6937804384532731,0.5866510538641686,0.03401813,0.33974668,0.54288805,0.08334713,0TQ9Hf5DwI9crGZSIlq445
Fightin' The Fool BY Jon Pardi...,0.014217721277064763,0.5472972972972973,0.8151774785801712,0.0,0.39118174826967445,0.7844601677148846,0.01149976042165788,0.46982319532242073,0.6803278688524589,0.023068275,0.35064566,0.58892035,0.03736575,24smp7WNaOXqCEDDVjgeK6
Old Glory BY Jerrod Nie...,0.3289122623366667,0.6027027027027028,0.649938800489596,0.0,0.11176621379133553,0.7094470649895177,0.020124580737901285,0.5122242223803741,0.5316159250585479,0.14917,0.22523132,0.36104056,0.26455802,3HQrXNeMmLrQvTqbmrl1J8
Kids In The South BY Craig Camp...,0.2224938185000863,0.7067567567567568,0.4357405140758873,0.0,0.11817482696744425,0.7124606918238994,0.03018687110685194,0.44171864752096673,0.8266978922716627,0.14593194,0.123077706,0.65357655,0.07741377,5gGPTjXzDNqtBkCs74RIUQ
Does To Me (feat. Eric Church) BY Luke Combs...,0.33434177477730853,0.5499999999999999,0.843329253365973,0.0,0.35144834657780055,0.764609538784067,0.02299952084331576,0.3517673490462037,0.6170960187353629,0.085162744,0.26084182,0.4943515,0.15964392,17TSJlshgQ5zu0e8dedAla
Reasons BY Luke Combs...,0.06080293801777187,0.3324324324324325,0.8457772337821298,3.304498269896194e-05,0.29120738272237884,0.7748951781970649,0.03018687110685194,0.1555518343310867,0.6498829039812646,0.03440181,0.37376204,0.52904993,0.06278622,4T6QFouj6rIQObxgwt9ELL
Missin' You Crazy BY Jon Pardi...,0.051681357117493554,0.5418918918918918,0.865361077111383,0.0,0.13227377595488335,0.8445361635220124,0.016451046158760578,0.37927882669792495,0.7377049180327868,0.019717827,0.3150628,0.63877505,0.026444314,3rYOzxOIYjq2hXPRFjCQ2v
Write You A Song BY Jon Pardi...,0.0994610665951419,0.45270270270270274,0.8922888616891064,0.0,0.5680594719302743,0.8379848008385743,0.028749401054144703,0.6095435453035822,0.8641686182669789,0.014541932,0.2053509,0.75293016,0.02717701,0OaMDKHLCkUNVnxvQbaiDQ
Outlaws Like Us BY Riley Gree...,0.04049656148977134,0.37297297297297294,0.4908200734394125,0.0,0.1027941553447834,0.6685010482180292,0.0068679124740456746,0.6788141387923696,0.45316159250585475,0.07624873,0.34755638,0.36797032,0.20822462,6vdkRkomwx3z7BR1W0AcO7
You Already Love Me BY Toby Keith...,0.5059143679015912,0.41216216216216217,0.8641370869033048,0.00018339100346020763,0.07933863112022557,0.7965801886792452,0.045839322791886274,0.7342347999609271,0.5784543325526932,0.07755231,0.17852622,0.42180568,0.3221158,6khYfrHhcx6E8YDGKsUPNy
"Lover, Lover BY Jerrod Nie...",0.20186167122564724,0.9054054054054054,0.4981640146878824,0.0,0.7500640861317611,0.6590015723270439,0.05733908321354416,0.34762981258983267,0.9789227166276345,0.14879622,0.09264654,0.7134456,0.045111645,5UzU0qw21okODBNUnxptVo
So So Long BY Dierks Ben...,0.06427782597978267,0.5648648648648649,0.94124847001224,1.8512110726643598e-06,0.4219430915149961,0.8665487421383646,0.011020603737422134,0.5325141987971143,0.9988290398126464,0.009708191,0.15536448,0.8221755,0.012751784,0EaBW4njQejxDNg0rzZo3o
Hungover & Hard Up BY Eric Churc...,0.26592991802522115,0.6283783783783784,0.6817625458996327,0.001282006920415225,0.4488592668546526,0.6604428721174003,0.015812170579779593,0.09351669666903889,0.82903981264637,0.10699533,0.14228153,0.6851431,0.06558002,5x0vtnEd0Opk7hZmWLvbFS
Had Me By Halftime BY Morgan Wal...,0.11824717963976271,0.37972972972972974,0.8922888616891064,0.0,0.16816200974109202,0.8928197064989517,0.021402331895863276,0.5682239991069062,0.6557377049180327,0.017681602,0.3502675,0.5850763,0.04697465,3xca35T5BVLg4ePuVzc7wW
All Your'n BY Tyler Chil...,0.4429320235901456,0.508108108108108,0.4773561811505508,6.868512110726644e-05,0.1002307100743399,0.6044287211740041,0.004152691263376453,0.10832949582059975,0.8512880562060889,0.22550169,0.0619172,0.580628,0.13195308,0fCwTrRNfoNk962ati8n2K
When I've Been Drinkin' BY Jon Pardi...,0.4288152912444768,0.8756756756756757,0.4871481028151775,0.0,0.09510381953345295,0.6870414046121592,0.024916147580258743,0.3512510291511422,0.9601873536299766,0.21416414,0.0581384,0.6572961,0.07040128,59O0lOCAMdBugXQrEGR6A6
"One Beer (HARDY feat. Lauren Alaina, Devin Dawson) BY HIXTAPE...",0.611246909250043,0.41486486486486485,0.7160342717258261,0.0,0.30530633170981797,0.5382599580712787,0.08704679763616036,0.8606773558839536,0.8348946135831381,0.1319778,0.05024058,0.54033434,0.2774473,5FmvaZGd6fulojSToozLRD
"Y'all People - Dedicated to the ""CoJo Nation"" BY Cody Johns...",0.05287584985443477,0.5094594594594594,0.587515299877601,0.0,0.028582414765444757,0.7490828092243185,0.012298354895384118,0.5965029793053405,0.8114754098360656,0.031669695,0.1782837,0.756584,0.03346258,0wjaq05IUF3dVHNnYXjg8O
Every Dog Has Its Day BY Toby Keith...,0.13453571696168826,0.5094594594594594,0.9804161566707464,0.0,0.49628300435785694,0.8234407756813416,0.09918543363679924,0.6510863649683929,0.6838407494145198,0.019661292,0.34596205,0.5908209,0.04355578,3NlRw4geKm0ltghT1zrTx2
Homemade BY Jake Owen...,0.4299011937326052,0.4067567567567567,0.8298653610771113,0.0,0.20276852089207895,0.9084119496855345,0.03833253473885961,0.5810133824534964,0.540983606557377,0.078159295,0.24649759,0.39075255,0.28459054,31JID2STTlLuFqXFWHyM8e
Watching You BY Rodney Atk...,0.11390356968724921,0.5621621621621621,0.8421052631578946,0.0,0.24762881312483975,0.8228511530398321,0.013576106053346103,0.5256904034272476,0.7072599531615924,0.025655456,0.2988976,0.63202673,0.043420117,5OusUgzHz6Ulb3GZT7WUo5
What I Almost Was BY Eric Churc...,0.012588867544872206,0.4554054054054054,0.8604651162790696,0.0,0.2976159958984876,0.6391509433962264,0.03657562689666188,0.3448458715340283,0.5667447306791569,0.03086422,0.4288631,0.48453197,0.05574067,1BGeARBsKpOjeNACiu6ZSZ
Goin' Goin' Gone BY George Str...,0.0433199079589051,0.5756756756756757,0.8372093023255812,2.1972318339100345e-06,0.22968469623173543,0.7473794549266246,0.0068679124740456746,0.34400859602852313,0.9063231850117096,0.01906116,0.18299387,0.7800581,0.017886942,40tuNJI1oMnRmg8esXBNBC
If I Could Do It Again BY Corey Smit...,0.19860396376126213,0.6729729729729729,0.8959608323133416,0.0,0.22968469623173543,0.7454140461215932,0.028110525475163718,0.31641339082625136,0.838407494145199,0.031672552,0.19152623,0.7501881,0.026613154,33m6cNCpgX3oKb8xBH7iyk
21 Summer BY Brothers O...,0.026597009641728193,0.5878378378378378,0.8935128518971848,4.446366782006921e-05,0.08485003845167904,0.6272929769392033,0.016451046158760578,0.34451793862770547,0.5936768149882904,0.028835235,0.40868548,0.522941,0.039538268,483beWfErq5MZAvC0fJ7cr
White Trash Story BY Casey Dona...,0.13562161944981663,0.6216216216216216,0.6805385556915544,0.0,0.1027941553447834,0.6496986373165619,0.024117553106532498,0.2045882697701678,0.7740046838407494,0.06295837,0.1977092,0.701287,0.038045477,6h0FOQxhnq0iqVsf0I9WsZ
Cold Beer Calling My Name BY Jameson Ro...,0.05200712786393207,0.5027027027027027,0.8567931456548347,0.0,0.16944373237631377,0.8173480083857442,0.025714742053984982,0.5977309833800812,0.7939110070257611,0.013521195,0.24183297,0.7230493,0.02159655,3dV1fjKOlLnaNK5MeZHXGv
One Of Them Girls BY Lee Brice...,0.31913913994351134,0.5864864864864865,0.7711138310893513,0.0,0.08997692899256599,0.6871724318658281,0.03721450247564286,0.2326021127251922,0.8056206088992974,0.07491773,0.14795893,0.71979934,0.057324022,14GwnOeC9qYEKEA6uOZepa
The Reason BY Brett Eldr...,0.2876479677877886,0.15405405405405403,0.6817625458996327,0.0,0.21686746987951805,0.7199292452830188,0.06149177447692062,0.037286669178493215,0.4297423887587821,0.12845555,0.2900089,0.3254487,0.2560869,22iS24vqgM9Cq8uQM7niiI
Good Lord Lorrie BY Turnpike T...,0.297421090180944,0.46756756756756757,0.598531211750306,0.0,0.3386311202255831,0.6428197064989517,0.008784539210988658,0.11403692384979275,0.5491803278688524,0.19089569,0.20321617,0.3559923,0.24989586,0pghPocTwFg6ckBUs52SQ8
What Kinda Gone BY Chris Cagl...,0.27896074788276165,0.3851351351351351,0.8580171358629131,0.0,0.08485003845167904,0.7424004192872117,0.021721769685353776,0.763330123777229,0.6510538641686182,0.03876127,0.24704678,0.59465677,0.11953519,7uPReljrrTaqzDCcx4JHmi
Beer Can’t Fix BY Thomas Rhe...,0.03430691730743962,0.6783783783783783,0.7515299877600979,0.0,0.11176621379133553,0.8189203354297694,0.012617792684874618,0.3374638924938251,0.968384074941452,0.018568628,0.15046155,0.8205804,0.010389458,7idmHTAQQPUFqdjXkoooXD
He Went To Jared (HARDY feat. Morgan Wallen) BY HIXTAPE...,0.058522542792702296,0.47837837837837827,0.7906976744186046,1.337370242214533e-05,0.21430402460907455,0.7506551362683437,0.039131129212585845,0.5402171334477608,0.6651053864168618,0.026785221,0.32136256,0.6062106,0.04564165,65IHmBagtQrYRcJd8a47zv
THROWBACK BY HARDY...,0.23552464835762676,0.5567567567567567,0.668298653610771,0.0,0.09254037426300948,0.6680424528301885,0.017888516211467816,0.42858737667629526,0.47892271662763464,0.12187634,0.3035979,0.3576805,0.21684529,7fToSlGPKlugVUCAZWvydi
"Redneck Tendencies (HARDY feat. Trace Adkins, Joe Diffie) BY HIXTAPE...",0.025619697402412656,0.5837837837837838,0.7172582619339045,0.0,0.08485003845167904,0.7441037735849056,0.01389554384283661,0.4141164650228157,0.8243559718969554,0.023136288,0.2050686,0.752949,0.018846016,1lYBlgWcwRqZ6T5syEATJJ
"My Kinda Livin’ (HARDY feat. Hunter Phelps, Jameson Rodgers) BY HIXTAPE...",0.5298042226404153,0.4891891891891891,0.5618115055079559,0.0,0.1002307100743399,0.7002751572327044,0.011020603737422134,0.5679797937511339,0.7107728337236533,0.18530408,0.07579644,0.40863785,0.3302616,17E5XweAlvnU7pkghMgvMs
Somewhere That You Don't Go BY Adam Sande...,0.006431800437184341,0.5851351351351352,0.7931456548347613,0.0,0.35529351448346574,0.720125786163522,0.024436990896022998,0.3019006153974965,0.6569086651053864,0.03315029,0.37000215,0.5597669,0.037080705,25svSblU0qyzxt2WdszcFZ
Bottom Of The Fifth BY Curtis Gri...,0.2192361110357012,0.4405405405405406,0.9045287637698899,0.0,0.12586516277877466,0.8706761006289307,0.043283820475962305,0.7778010354307086,0.8208430913348945,0.017882707,0.20233001,0.74466777,0.035119504,4lvjgZAas0ZZ9dVKkmQShx
Here And Now BY Kenny Ches...,0.051681357117493554,0.4202702702702703,0.8335373317013463,0.0,0.2732632658292745,0.8857442348008384,0.04711707394984827,0.5952540433429621,0.6943793911007025,0.016700426,0.33247077,0.61524504,0.035583768,0NSwXfEWMG7HIRvXioGu03
WHERE TO FIND ME BY HARDY...,0.1486524493073571,0.5202702702702702,0.7980416156670747,0.0,0.3065880543450397,0.7509827044025156,0.027950806580418465,0.45584767167636514,0.8185011709601874,0.028396998,0.18858221,0.7481598,0.034861013,5OeF6XbsPBDmhKXD30CKEZ
Hole In A Bottle BY Canaan Smi...,0.0509212253758037,0.6445945945945947,0.7784577723378213,0.0,0.15278133811843114,0.7230083857442346,0.011340041526912634,0.3512161426717461,0.7271662763466041,0.032067753,0.2849517,0.65388894,0.029091567,2QtZvpEiGKqcwMsF1tUW7B
Sunshine & Whiskey BY Frankie Ba...,0.242040063286397,0.622972972972973,0.7062423500611994,0.0,0.3693924634709049,0.6403301886792452,0.03274237342277591,0.2116423159040483,0.7517564402810304,0.10228067,0.18406789,0.63493043,0.07872104,6aNwDe5YH5YUPlpHkku52w
Runnin' Outta Moonlight BY Randy Hous...,0.03832475651351459,0.42837837837837844,0.784577723378213,5.484429065743945e-06,0.03447833888746476,0.8419156184486372,0.026193898738220735,0.763134759492611,0.7693208430913349,0.014981495,0.26527917,0.69466317,0.02507615,6enPOmd3vSFpI4jjms8kXN
Unbreak a Heartache BY Triston Ma...,0.006084311640983262,0.5554054054054054,0.9020807833537331,0.0004394463667820069,0.08228659318123557,0.8280267295597483,0.008145663632007666,0.2744170469292921,0.6779859484777516,0.02042457,0.40525624,0.5463203,0.027998768,4ooo7MBVlR7hVYC8SLbZN9
Runnin' Block BY Toby Keith...,0.3745201668380582,0.5067567567567567,0.7282741738066095,0.00013356401384083047,0.08228659318123557,0.6065251572327044,0.030506308896342434,0.2884762981258983,0.6206088992974238,0.1400532,0.1801609,0.49335024,0.18643564,3BPge8hHdq2fQIXUJrICcT
Beautiful Eyes BY Read South...,0.0008535193556688996,0.5216216216216215,0.780905752753978,7.941176470588236e-06,0.37964624455267876,0.7554376310272536,0.017249640632486823,0.539854314062042,0.6885245901639343,0.023093034,0.32896563,0.6090988,0.03884249,5X7MVR3eyAb9Y5EJfDXQHC
Magnolia BY Brett Eldr...,0.03626154178607069,0.5216216216216215,0.679314565483476,0.0,0.04627018713150475,0.6842243186582808,0.017249640632486823,0.14209263058009242,0.6615925058548009,0.05188321,0.31338814,0.59342784,0.041300777,2TKTMnErKNBjVprlJ9b2lk
The One I Loved Back Then BY George Jon...,0.5634671997723948,0.577027027027027,0.3904528763769889,0.0,0.47577544219430906,0.3284198113207547,0.09311611563647978,0.6752836270774898,0.9637002341920374,0.31191248,0.019242454,0.45927498,0.20957002,7ptBt26CVdYqKLGLIuffNZ
Alright BY Darius Ruc...,0.05711086955813541,0.5297297297297296,0.7906976744186046,0.0,0.18995129453986154,0.7854428721174003,0.018527391790448815,0.18992199383207048,0.7014051522248242,0.035894778,0.3278235,0.59892505,0.037356783,5JlH51YDYsGj2dyEJKKjcN
Why We Drink BY Justin Moo...,0.008831644935948043,0.5608108108108107,0.9094247246022032,0.0,0.34888490130735705,0.8858752620545072,0.018846829579939307,0.37914625807622,0.7166276346604215,0.017051298,0.38301423,0.5731563,0.026778234,4lSfhHd5Knwl8yQw2cVjAD
7 Summers BY Morgan Wal...,0.46790778081709816,0.5621621621621621,0.7527539779681762,9.048442906574395e-05,0.10663932325044859,0.7448244234800838,0.0030346590001597146,0.2742844783075871,0.5573770491803278,0.1658955,0.18427233,0.35839358,0.2914386,0Z0kNthq0sS4lvGz9SSlBF
Angel Eyes BY Love and T...,0.014434901774690437,0.6040540540540541,0.6560587515299876,0.0,0.04934632145603692,0.6977856394129978,0.005111004631847951,0.3165250275603187,0.9999999999999999,0.021592416,0.11133581,0.8563585,0.01071326,63w0QA1wiV7QhF9jeiHETF
Joe's Place BY Joe Nichol...,0.7209230605510086,0.8567567567567568,0.6842105263157894,0.0,0.06946936682901819,0.6831105870020964,0.015173295000798594,0.37269225938795153,0.8700234192037469,0.29933882,0.044252954,0.45906717,0.19734105,5qkrQxsXDGN12FXvdRGpDX
Where I'm From BY Jason Mich...,0.03256947332643423,0.43648648648648647,0.8017135862913095,0.0,0.045244809023327344,0.7032232704402515,0.02603417984347548,0.607568970569766,0.5081967213114754,0.027384922,0.4432596,0.4586398,0.07071576,0VeI4Zyirc6yuJ4P7fudjE
Can't Get Away from a Good Time BY Logan Mize...,0.15951147418864078,0.3027027027027027,0.9155446756425948,0.0,0.48090233273519606,0.8342505241090146,0.06085289889793962,0.7485033700339097,0.7470725995316159,0.01930223,0.27709952,0.6514783,0.052119926,5A8DxtqDRSfsCDC10GuRyr
Happy Does BY Kenny Ches...,0.32565455487228157,0.6837837837837837,0.6181150550795593,0.0,0.1104844911561138,0.7260220125786163,0.02459670979076825,0.32352325532716536,0.5679156908665105,0.19543695,0.22142501,0.37790906,0.20522894,2v08cjj3Th8RpfJgluECcj
Me and My Kind BY Cody Johns...,0.09055666619248925,0.5121621621621621,0.791921664626683,0.0,0.09254037426300948,0.8609800838574422,0.008624820316243405,0.3304726420228576,0.65807962529274,0.029895246,0.34827533,0.58016545,0.04166394,4rW9EUFaMSNVY8JhbqrB6z
Over When It's Over BY Eric Churc...,0.03202652208237004,0.4797297297297296,0.45410036719706237,0.0,0.08997692899256599,0.70020964360587,0.02076345631688229,0.5285720266253611,0.8548009367681498,0.044835623,0.14012492,0.78052044,0.034519095,59FhRUTbBuT05t8w1dvWLI
A Little Bit Trouble BY Brothers O...,0.12259078959227619,0.6243243243243244,0.4651162790697675,0.13546712802768165,0.1168931043322225,0.46383647798742134,0.011659479316403133,0.14892340324583803,0.7915690866510539,0.23027185,0.118893795,0.60317063,0.047663808,5b7F5Dz5LjxMGvU3n2vqc5
Jesus And Wranglers BY Riley Gree...,0.008625323463203651,0.4999999999999999,0.7270501835985311,0.0,0.0557549346321456,0.7415487421383646,0.005111004631847951,0.428308284841127,0.7283372365339578,0.02332385,0.27074486,0.67845863,0.027472686,0vgoslYFyEhs1qKMLJWg9Y
Rolling Stone BY Whiskey My...,0.0003811517733330582,0.27972972972972965,0.8421052631578946,0.0024913494809688584,0.05934375801076646,0.7454140461215932,0.018687110685194054,0.8118362847294902,0.7131147540983606,0.013796251,0.3314667,0.625995,0.028742075,5pwotNGfCggJh0CtGT0A9I
Bar Downtown BY Jon Pardi...,0.12367669208040456,0.5756756756756757,0.631578947368421,0.0,0.05934375801076646,0.7597615303983227,0.03242293563328542,0.4837498778973221,0.6475409836065573,0.066803195,0.2869464,0.56940365,0.07684682,4OTkPCAqMeRgQCAvAcfPYn
Happy Anywhere (feat. Gwen Stefani) BY Blake Shel...,0.10847405724660737,0.4445945945945946,0.7160342717258261,0.0,0.03358113304280954,0.7071540880503144,0.025235585369749236,0.7193940916258494,0.6522248243559718,0.03466982,0.27149805,0.6206038,0.073228315,2DwbFtfC6sXBiVDPmju8Dd
Feathered Indians BY Tyler Chil...,0.8143106745300485,0.44189189189189193,0.5067319461444307,0.004792387543252595,0.08741348372212251,0.6461609014675052,0.003992972368631206,0.17125075005930707,0.8957845433255268,0.340249,0.018320253,0.34124923,0.30018157,2tgQaL85WoRfgEa4hFQgrE
If the World Had a Front Porch BY Tracy Lawr...,0.13562161944981663,0.3472972972972973,0.7760097919216646,0.0,0.041271468854139966,0.8101415094339621,0.015492732790289086,0.7068558909309108,0.5620608899297423,0.03179983,0.36556232,0.50083864,0.10179917,7AW2WsM8dc5pmXIgdn2SpC
Change My Mind BY Josh Ward...,0.009950124498720264,0.5108108108108107,0.8763769889840881,7.422145328719723e-06,0.37964624455267876,0.7167845911949684,0.018846829579939307,0.3653521441230237,0.7646370023419203,0.02150647,0.29331264,0.6540535,0.031127356,1HhvADMkoWcqxsOVXsaO35
Make Her Fall In Love With Me Song BY George Str...,0.414698558898808,0.6175675675675676,0.835985312117503,0.0,0.3629838502947962,0.7572064989517819,0.015013576106053347,0.4088276747463753,0.9953161592505854,0.044548254,0.07458618,0.838953,0.04191254,3lEfWXVeo02PI4QaX5ocV9
I'm Not Alright BY Shotgun Ri...,0.19860396376126213,0.5013513513513512,0.6842105263157894,0.0,0.15918995129453986,0.6472746331236896,0.0191662673694298,0.6926501165208412,0.7587822014051522,0.04875907,0.16489238,0.7053682,0.0809803,3PURovRKyJaBmgzPfmMJ4O
Steady as She Goes BY Shotgun Ri...,0.06677540170247792,0.5135135135135135,0.7160342717258261,0.0,0.37580107664701357,0.6889412997903563,0.009583133684714897,0.33789648483833606,0.7377049180327868,0.040050395,0.24648844,0.667696,0.045765176,5tqOpDfDfForWXOlJsaDgs
Sleep When We're Dead BY Morgan Wal...,0.017801199487888386,0.4797297297297296,0.8102815177478578,4.6885813148788925e-06,0.4360420405024352,0.8440120545073374,0.015971889474524832,0.6093830674983605,0.6826697892271661,0.018848717,0.3477032,0.5907402,0.04270791,77Q8V48a8jGsghvaVNWMaP
Spin You Around BY Morgan Wal...,0.0014800850913189697,0.4162162162162162,0.8776009791921665,0.0,0.2194309151499615,0.8482049266247378,0.010860884842676888,0.6094947042324277,0.5901639344262295,0.013711413,0.43794218,0.50730544,0.041041013,1yj1ZztSGITJ5Nf4mfH92c
Me Neither BY Brad Paisl...,0.029311765862049116,0.5581081081081081,0.9571603427172583,4.083044982698962e-05,0.3706741861061266,0.46508123689727465,0.024916147580258743,0.3804231032221152,0.8571428571428571,0.022461466,0.1957591,0.7546904,0.027089044,6A426nfNHDuTDs1uY0W0NF
Little Rain BY Morgan Wal...,0.1996898662493905,0.3810810810810811,0.8261933904528763,0.0,0.10535760061522684,0.8055555555555554,0.037533940265133355,0.8603424456817514,0.7014051522248242,0.028215751,0.261143,0.6364453,0.07419597,51T2SPBH4YjbrFJE94NJT6
Traveller BY Chris Stap...,0.07394235812412517,0.4513513513513514,0.7221542227662178,0.028719723183391006,0.11304793642655728,0.6221829140461215,0.008465101421498158,0.1776210211970249,0.7564402810304449,0.05067767,0.22146441,0.6863882,0.041469775,178OI1A3qjROeFeh8lmNwW
Fool Hearted Memory BY George Str...,0.3441148971704639,0.4837837837837837,0.5018359853121174,0.0,0.2155857472442963,0.43514150943396224,0.010541447053186388,0.18281212933115637,0.6241217798594847,0.26385522,0.10637845,0.37658134,0.2531849,3cPgnLawNeUl9YsZIBdsrs
Cold Beer With Your Name On It BY Josh Thomp...,0.06905579692754751,0.5121621621621621,0.6352509179926561,0.0,0.04703922071263778,0.7932389937106917,0.007506788053026674,0.629966090342027,0.5292740046838407,0.05144387,0.39035165,0.44893375,0.1092707,4U9mtRXs7VaG7kgU4Hpw6h
Southern Voice BY Tim McGraw...,0.04831505940429561,0.5689189189189189,0.8776009791921665,0.0,0.09766726480389643,0.8164308176100628,0.01469413831656284,0.3446853937288065,0.7564402810304449,0.02032304,0.30318692,0.65214276,0.024347289,1fgHi1HhKJ6tB41eOWbwVy
Bettin' Man BY Riley Gree...,0.02963753660848763,0.5405405405405405,0.5850673194614443,0.0,0.08613176108690077,0.7832809224318658,0.010541447053186388,0.5398124502867667,0.7997658079625293,0.03287994,0.20283547,0.7322838,0.032000765,4wCdeawWseZUYkhN697nX7
Need A Boat BY Morgan Wal...,0.1082568767489817,0.4472972972972973,0.9008567931456547,0.0,0.2950525506280441,0.673611111111111,0.01661076505350583,0.6794769819008946,0.9964871194379391,0.013424079,0.1250757,0.84547246,0.01602777,5UmCoA8uugbNcVAfKMW3P2
Beers And Sunshine BY Darius Ruc...,0.14539474184297196,0.48783783783783774,0.5936352509179926,0.0,0.1412458344014355,0.7044025157232703,0.011978917105893626,0.12861947223733977,0.6615925058548009,0.09586431,0.24963537,0.5724079,0.08209243,36ISlLb12gKuCCVTYXC0gb
This Side Of A Dust Cloud - Bonus BY Morgan Wal...,0.15082425428361385,0.5891891891891892,0.7025703794369644,0.0014411764705882352,0.15662650602409636,0.6994234800838574,0.005909599105574183,0.4977533107268947,0.8021077283372365,0.04213839,0.17612906,0.7374249,0.04430768,0UotfxRXpJwpem9QheCD5a
Ticks BY Brad Paisl...,0.033763966063375436,0.5594594594594594,0.7711138310893513,6.52249134948097e-05,0.08869520635734426,0.6716457023060796,0.008624820316243405,0.22175939492890145,0.7096018735362997,0.036910303,0.29557592,0.6336165,0.033897325,736KP0gdltJQWPKk0wVL7l
Single Saturday Night BY Cole Swind...,0.12802030203291803,0.5594594594594594,0.7711138310893513,0.0,0.2425019225839528,0.753275681341719,0.038971410317840606,0.13465483317285548,0.6814988290398125,0.05515299,0.30659294,0.59092844,0.047325585,1irAliF0T8sLIOPJp6n7rU
Whiskey And Rain BY Michael Ra...,0.5515222724029827,0.6,0.5667074663402693,5.7439446366782005e-06,0.3181235580620353,0.7866876310272536,0.0023957834211787293,0.2607485243019216,0.7096018735362997,0.2665044,0.08140348,0.3418882,0.31020394,1tf4Bfk8JIKryLpWYRvyiI
The Devil Went Down to Georgia BY The Charli...,0.16819869409366775,0.4243243243243243,0.5703794369645042,0.0,0.06421430402460906,0.46796383647798734,0.04695735505510302,0.49871617755822556,0.9426229508196721,0.047547642,0.0748811,0.8472484,0.03032286,383Xl5QTigwj3QiA3Qc6S7
Summertime BY Kenny Ches...,0.18340132892746497,0.36621621621621614,0.9400244798041616,0.0,0.014227121250961289,0.7250393081761005,0.10701165947931637,0.7349604387323649,0.7037470725995315,0.02043581,0.26771948,0.67162645,0.040218256,3cE5ltZFHmBpiS77itKaOM
UNAPOLOGETICALLY COUNTRY AS HELL BY HARDY...,0.18665903639185005,0.4513513513513514,0.5973072215422276,0.0,0.3745193540117918,0.7604166666666665,0.013096949369110364,0.4284268988710735,0.5913348946135831,0.09734867,0.2651586,0.4562967,0.18119603,45nc69lqKe3kY9sit2UU6G
He Loved Her BY Devin Daws...,0.014000540779439087,0.42837837837837844,0.7282741738066095,0.0,0.3770827992822353,0.7420073375262053,0.04967257626577224,0.7771381923221836,0.7576112412177985,0.02136702,0.25442383,0.6855856,0.038623597,2lARfYBthlR1HoLpd32SCM
She Ain’t Mine No More BY Justin Moo...,0.04451440069584631,0.5364864864864864,0.7772337821297429,0.0,0.06716226608561907,0.7558962264150942,0.008784539210988658,0.3238790974170051,0.5702576112412178,0.036164306,0.4182082,0.49482572,0.050801817,4gslR6cfsxNBQ2bpkoSavl
Hell Of A View BY Eric Churc...,0.1291062045210464,0.6486486486486486,0.5165238678090575,0.008027681660899655,0.08228659318123557,0.6413784067085954,0.001118032263216738,0.25377122842271255,0.9028103044496486,0.072228566,0.1124416,0.7856088,0.02972094,1kBx9VGumfuvlfqdlAGorE
"Bartenders, etc... BY Dierks Ben...",0.02507674615834847,0.5054054054054054,0.8298653610771113,7.093425605536332e-06,0.15149961548320942,0.6292583857442346,0.022360645264334775,0.131201071712647,0.8454332552693208,0.032382045,0.22045912,0.72005683,0.027102044,2JyMIeTAb4bGOFa49qFG5y
Is Anybody Loving You These Days BY Dierks Ben...,0.0716619628990556,0.6621621621621621,0.5055079559363524,7.820069204152249e-06,0.246347090489618,0.5106787211740041,0.007506788053026674,0.39950600745175197,0.5925058548009368,0.14301999,0.25717607,0.4746658,0.12513815,69u3mt4KCFagJZFmJ3Ged6
Country Folks - Livin' Loud BY The Lost T...,0.24964138070329558,0.4297297297297298,0.8335373317013463,0.0,0.06972571135606254,0.8984538784067084,0.04408241494968856,0.12054674090509482,0.7611241217798594,0.04466478,0.23788263,0.66854894,0.048903584,1P7fYBkHMxj3rQI8rUzIZo
"Wine, Beer, Whiskey BY Little Big...",0.6698856436089751,0.7,0.9228886168910649,0.0,0.7167392976159959,0.7021750524109014,0.08209551189905767,0.3026122995771759,0.7868852459016393,0.20158866,0.0895539,0.46002442,0.24883299,5avVDmK9FVJpd3MDO8I3Zl
Rattlin' Bog BY Carlyle Fr...,0.7969362347199945,0.3756756756756756,0.7747858017135862,0.0,0.39118174826967445,0.6683700209643606,0.06867912474045679,0.47982863761320654,0.8723653395784542,0.16810581,0.033902742,0.46619463,0.33179685,2VjrFvthQjw7BS8aS4VdZi
Hackin' Darts BY Jade Eagle...,0.6383944714532523,0.2702702702702702,0.762545899632803,0.0,0.4488592668546526,0.6776729559748427,0.05733908321354416,0.7503383988501418,0.7822014051522248,0.11996965,0.06303203,0.44583157,0.37116674,70dVdtFk0C28qM2nuHrg4j
Arkansas BY Chris Stap...,0.01237168704724653,0.3716216216216216,0.9718482252141981,0.39446366782006925,0.07959497564726992,0.7883909853249476,0.04967257626577224,0.13628054311271126,0.8430913348946135,0.09839658,0.2682995,0.6149191,0.01838481,1N7ZIHq3OefYm8ntDSxHZ0
She's With Me BY High Valle...,0.03083202934542884,0.527027027027027,0.9436964504283966,0.0,0.0835683158164573,0.8455188679245282,0.04599904168663153,0.3374359833103083,0.7915690866510539,0.016275864,0.3118173,0.6514877,0.020419063,2p2cCrOaNrIOLk5ArtlHy6
My Dawg BY Quality Co...,0.02800868287629507,0.9486486486486486,0.5838433292533659,0.0,0.08613176108690077,0.6103904612159328,0.1423095352180163,0.4911039477540084,0.5889929742388759,0.13583446,0.3731798,0.44123,0.049755856,49K3jbwZmZKaDGTfjpIVg0
Isis BY Joyner Luc...,0.2539849906558091,0.9581081081081081,0.8286413708690329,0.0,0.24378364521917456,0.6404612159329139,0.37070755470372146,0.4002665327025858,0.8700234192037469,0.11423561,0.1834644,0.6874726,0.014827416,36TO60sxDduIsO3xH8IcUh
"Down Bad (feat. JID, Bas, J. Cole, EARTHGANG & Young Nudy) BY Dreamville...",0.0424511859684024,0.745945945945946,0.5214198286413708,0.0,0.02435273006921302,0.7337526205450733,0.5368152052387798,0.6080992450565859,0.7107728337236533,0.15006611,0.317447,0.51698184,0.015505003,36J0iaPDGbYGsHvYpaYs3k
Time of Our Lives BY Pitbull...,0.09989542759039324,0.6918918918918918,0.7858017135862914,0.0,0.8423481158677262,0.7056472746331236,0.05654048873981792,0.4282106026988181,0.7166276346604215,0.058857646,0.29778746,0.5766914,0.06666354,2bJvI42r8EF3wxjOuDav4r
Where Is The Love? BY Black Eyed...,0.11933308212789108,0.8445945945945944,0.6560587515299876,0.0,0.11945654960266597,0.8742138364779872,0.2780705957514774,0.2193661824423327,0.810304449648712,0.09405308,0.26802993,0.62331384,0.014603214,3CNqo3gYrfexdrtjFmC9he
The Show Goes On BY Lupe Fiasc...,0.020407365459396476,0.5162162162162162,0.8922888616891064,0.0,0.15149961548320942,0.8339229559748427,0.14710110206037375,0.5610932027183546,0.6299765807962528,0.01860737,0.4325345,0.5251179,0.02374032,4NTWZqvfQTlOMitlVn6tew
Starships BY Nicki Mina...,0.14648064433110033,0.727027027027027,0.6805385556915544,0.0,0.27454498846449626,0.924462788259958,0.08321354416227439,0.43509021643571816,0.7482435597189695,0.06298705,0.2823656,0.60995346,0.044693954,1oHNvJVbFkexQc0BpQp7Y4
My House BY Flo Rida...,0.02323071192853024,0.6472972972972972,0.6634026927784576,0.0,0.1168931043322225,0.771488469601677,0.04312410158121705,0.2187800895884791,0.7353629976580796,0.04593418,0.2893438,0.6387109,0.026011135,6Knv6wdA0luoMUuuoYi2i1
DJ Got Us Fallin' In Love (feat. Pitbull) BY Usher...,0.0365873125325092,0.6135135135135136,0.8580171358629131,0.0,0.05793386311202255,0.8628144654088049,0.13751796837565883,0.3998897587251084,0.6346604215456674,0.025750462,0.43861362,0.514217,0.021418896,4356Typ82hUiFAynbLYbPn
TiK ToK BY Kesha...,0.10749674500729182,0.7378378378378377,0.8286413708690329,0.0,0.3232504486029223,0.9073637316561843,0.19022520364159076,0.40034328295725713,0.7049180327868851,0.045328144,0.38250193,0.54690105,0.025268847,0HPD5WQqrq7wPWR7P7Dw1i
I Gotta Feeling BY Black Eyed...,0.09468309564737706,0.7216216216216217,0.7417380660954712,0.0,0.6052294283517047,0.6677803983228511,0.0057498802108289365,0.45568719387114326,0.5831381733021077,0.075980484,0.36516815,0.44746086,0.11139042,4vp2J1l5RD4gMZwGFLfRAu
Kiss Me Thru The Phone BY Soulja Boy...,0.019973004464145128,0.7418918918918919,0.675642594859241,0.0,0.0396052294283517,0.8377227463312368,0.1423095352180163,0.6094528404571524,0.7997658079625293,0.03319091,0.26210442,0.6882272,0.016477488,2q4rjDy9WhaN3o9MvDbO21
Smack That BY Akon...,0.3484585071229774,0.9864864864864863,0.7123623011015912,0.0,0.08997692899256599,0.7466588050314464,0.0380130969493691,0.39301712228408753,0.9508196721311476,0.09639303,0.10137436,0.7689638,0.03326879,2kQuhkFX7uSVepCD3h29g5
Down BY Jay Sean...,0.011611555305556673,0.6054054054054054,0.6548347613219093,0.0,0.0581902076390669,0.7910770440251571,0.01469413831656284,0.023353009307712724,0.6686182669789227,0.05570854,0.35504693,0.556464,0.032780584,7LP4Es66zdY7CyjepqmvAg
Fergalicious BY Fergie...,0.06243179174996443,0.9418918918918918,0.5189718482252141,0.0,0.1168931043322225,0.5796645702306079,0.46813608049832295,0.4633273328588772,0.8419203747072599,0.1807167,0.194673,0.61386365,0.010746653,1D066zixBwqFYqBhKgdPzp
Timber (feat. Ke$ha) BY Pitbull...,0.031917931833557206,0.5027027027027027,0.9828641370869032,0.0,0.13099205331966163,0.8176755765199161,0.12010860884842678,0.469865059097696,0.7915690866510539,0.014524026,0.31442326,0.6530547,0.017998036,3cHyrEgdyYRjgJKSOiOtcS
The Real Slim Shady BY Eminem...,0.032678063575247066,0.9999999999999999,0.613219094247246,0.0,0.01102281466290695,0.8073899371069182,0.05478358089762019,0.2920277417284158,0.7587822014051522,0.07561136,0.29718828,0.6059941,0.0212062,3yfqSUWxFvZELEM4PmlwIR
Cashin Out BY Akon...,0.18665903639185005,0.7864864864864866,0.657282741738066,0.0,0.24378364521917456,0.8581629979035639,0.12266411116435072,0.47013019634110603,0.6405152224824355,0.11546696,0.3284284,0.47763392,0.0784707,3mrvebxoRoQmQz7XOYS2Yl
Best I Ever Had BY Drake...,0.2376964533338835,0.2945945945945946,0.8580171358629131,0.0,0.30786977698026147,0.7661163522012577,0.5639674173454721,0.6916314313224767,0.5491803278688524,0.08582072,0.42591935,0.43476152,0.05349846,3fyMH1t6UPeR5croea9PrR
Fire Burning BY Sean Kings...,0.020733136205834987,0.8513513513513512,0.788249694002448,0.0,0.3770827992822353,0.9207940251572326,0.015971889474524832,0.4208914193215277,0.9086651053864169,0.01952805,0.22152403,0.747774,0.011173936,2oENJa1T33GJ0w8dC167G4
Strange Clouds (feat. Lil Wayne) BY B.o.B...,0.06579808946316239,0.43513513513513513,0.6181150550795593,0.0,0.12073827223788772,0.6483228511530398,0.4202204120747484,0.0772805291581195,0.8056206088992974,0.11814829,0.23555472,0.6286485,0.017648453,0yQw3d0iQDjMrxaVHFv77J
Stereo Hearts (feat. Adam Levine) BY Gym Class ...,0.034524097805065296,0.5905405405405405,0.7772337821297429,0.0,0.2950525506280441,0.869693396226415,0.11931001437470054,0.19075926933757553,0.8009367681498829,0.035462406,0.3005055,0.6437885,0.020243663,0qOnSQQF0yzuPWsXrQ9paz
Beautiful Girls BY Sean Kings...,0.1627691816530259,0.7472972972972972,0.613219094247246,0.0,0.28095360164060496,0.6874344863731655,0.07315125379332374,0.4699836731276425,0.7693208430913349,0.09766949,0.19827178,0.6448264,0.059232328,1hGy2eLcmC8eKx7qr1tOqx
Magic (feat. Rivers Cuomo) BY B.o.B...,0.013674770033000576,0.45945945945945954,0.944920440636475,0.0,0.3975903614457831,0.8161687631027252,0.51126018207954,0.13807370815366787,0.7903981264637002,0.053440705,0.43146616,0.5024277,0.012665425,5uHYcK0nbEYgRaFTY5BqnP
Super Bass BY Nicki Mina...,0.2919915777403021,0.6905405405405405,0.8580171358629131,8.840830449826991e-06,0.7231479107921045,0.8011661425576518,0.2972368631209072,0.4489261941641897,0.6522248243559718,0.12824714,0.3295607,0.45956796,0.082624175,0iYebKFUSfF72fUu2OW6ZT
Hotel Room Service BY Pitbull...,0.00753942097507528,0.8675675675675675,0.5740514075887393,0.000643598615916955,0.04844911561138169,0.5360980083857442,0.24293243890752275,0.44190005721382614,0.7927400468384075,0.09601008,0.22101775,0.6669038,0.01606838,6Rb0ptOEjBjPPQUlQtQGbL
I Cry BY Flo Rida...,0.006572967760641029,0.6540540540540539,0.8102815177478578,3.096885813148789e-06,0.3565752371186875,0.7289701257861634,0.03354096789650216,0.4422558993036659,0.7622950819672131,0.023727002,0.28422707,0.6692805,0.022765376,4bZd0nRuX8HyjeXAUBczvm
Heartless BY Kanye West...,0.05580778657238136,0.7851351351351351,0.5960832313341493,0.0,0.270699820558831,0.6934617400419287,0.1806420699568759,0.17686747324207025,0.6346604215456674,0.1402529,0.35406917,0.4644801,0.041197825,4EWCNWgDS8707fNSZ1oaA5
The Sweet Escape BY Gwen Stefa...,0.20729118366628912,0.7391891891891892,0.7466340269277846,0.0,0.18097923609330938,0.8560010482180292,0.018207954000958308,0.39987580413335005,0.7236533957845432,0.064266875,0.26477563,0.6110434,0.059914116,66ZcOcouenzZEnzTJvoFmH
Upside Down BY Jack Johns...,0.2583286006083226,0.781081081081081,0.605875152998776,0.00029584775086505195,0.12971033068443988,0.5391116352201257,0.032263216738540164,0.27794058134829264,0.6299765807962528,0.2125286,0.19603719,0.45931602,0.13211812,6shRGWCtBUOPFLFTTqXZIC
What'cha Know About BY Donavon Fr...,0.07448530936818935,0.6513513513513512,0.5691554467564259,2.491349480968858e-05,0.33991284286080486,0.6522536687631026,0.1502954799552787,0.2885181619011736,0.540983606557377,0.15387104,0.3685405,0.38772583,0.089862645,5UewA4LJwHD3KqEuD0iwXD
It Don't Matter BY Donavon Fr...,0.10326172530359119,0.9837837837837838,0.4504283965728274,1.9031141868512112e-06,0.2566008715713919,0.6723663522012577,0.019805142948410792,0.29520938864933505,0.765807962529274,0.18684258,0.19592269,0.560797,0.0564378,2UjGyCvayHjGihV3oLhD8a
Your Body Is a Wonderland BY John Mayer...,0.022253399689214706,0.5918918918918918,0.6964504283965728,0.08460207612456748,0.12458344014355294,0.6759040880503144,0.001118032263216738,0.21880799877199592,0.6733021077283372,0.06580989,0.30669525,0.591775,0.03571995,7vFv0yFGMJW3qVXbAd9BK9
Living in the Moment BY Jason Mraz...,0.052224308361557746,0.595945945945946,0.5728274173806609,0.0,0.10535760061522684,0.6163522012578615,0.00047915668423573893,0.1499420884442026,0.6873536299765807,0.08331952,0.25287923,0.61177516,0.052026108,3ce7k1L4EkZppZPz1EJWTS
Rhythm Of Love BY Plain Whit...,0.3864650942074703,0.43513513513513513,0.46756425948592406,0.0,0.10535760061522684,0.5795990566037735,0.03242293563328542,0.7621160742942465,0.7189695550351287,0.15537107,0.08247909,0.48404816,0.27810162,6MDTpYxPFL0wtFd0pjfKws
Haven't Met You Yet BY Michael Bu...,0.16494098662928264,0.5486486486486486,0.7013463892288861,0.0,0.09254037426300948,0.770440251572327,0.01693020284299633,0.4181493420409986,0.8009367681498829,0.041200377,0.1841412,0.7338404,0.040817965,4fIWvT19w9PR0VVBuPYpWA
It's a Beautiful Day BY Michael Bu...,0.0605857575201462,0.43648648648648647,0.7772337821297429,0.0,0.3309407844142527,0.8247510482180292,0.020603737422137038,0.5664657205453454,0.7822014051522248,0.019006025,0.2397162,0.70891255,0.03236526,0mvkwaZMP2gAy2ApQLtZRv
Cleopatra BY The Lumine...,0.24746957572703884,0.44189189189189193,0.7527539779681762,0.00024740484429065747,0.07421174057933863,0.6422300838574423,0.026353617632965974,0.619186168208649,0.4367681498829039,0.07948821,0.31745085,0.34532732,0.25773367,2ToW7zhGCrVrLU4fiKj9U1
Waiting On the World to Change BY John Mayer...,0.1703704990699245,0.49864864864864855,0.7294981640146878,0.00040138408304498275,0.27198154319405277,0.7041404612159328,0.14710110206037375,0.7960327095630817,0.6451990632318501,0.057465978,0.27726993,0.5717271,0.093537,5imShWWzwqfAJ9gXFpGAQh
Neon BY John Mayer...,0.019538643468893783,0.6621621621621621,0.7466340269277846,0.00023875432525951557,0.035375544732119964,0.5837264150943395,0.02092317521162753,0.2744449561128089,0.5585480093676815,0.055458084,0.4040729,0.49139443,0.049074557,7Kohy4v3KLWfUXlv9N3feB
If I Can't Have You BY Shawn Mend...,0.5688967122130366,0.6527027027027026,0.7943696450428397,0.0,0.1412458344014355,0.8104035639412996,0.05957514773997764,0.42743612285622584,0.8805620608899297,0.1160374,0.08645614,0.6885485,0.10895796,6LsAAHotRLMOHfCsSfYCsz
Over My Head (Cable Car) BY The Fray...,0.023773663172594425,0.5175675675675675,0.6964504283965728,0.0,0.03652909510381953,0.8131551362683438,0.034978437949209386,0.37244805403217923,0.699063231850117,0.030638378,0.31045485,0.62839496,0.0305118,1N62wozuHCvczCkY4QidpP
Come On Get Higher BY Matt Natha...,0.26158630807270766,0.6256756756756757,0.5667074663402693,0.0,0.061522686490643415,0.712067610062893,0.010860884842676888,0.20490922538061146,0.5913348946135831,0.1822612,0.22926511,0.42945775,0.15901597,38YgZVHPWOWsKrsCXz6JyP
Stuck Like Glue BY Sugarland...,0.35714572702800435,0.6662162162162162,0.7772337821297429,0.0,0.017559600102537813,0.7733228511530397,0.05414470531863919,0.1486931524818242,0.847775175644028,0.08146308,0.13979685,0.7354921,0.04324801,0JcKdUGNR7zI4jJDLyYXbi
Tonight Tonight BY Hot Chelle...,0.08284675852677781,0.6445945945945947,0.762545899632803,0.0,0.16175339656498333,0.7593684486373165,0.15348985785018365,0.26044850057911556,0.8220140515222482,0.042456698,0.23660634,0.703386,0.01755105,2i0AUcEnsDm3dsqLrFWUCq
Unwritten BY Natasha Be...,0.00622547896443995,0.6716216216216215,0.7833537331701347,0.0,0.0581902076390669,0.6705319706498951,0.027152212106692213,0.2606787513431294,0.6053864168618266,0.03987152,0.4047877,0.5223757,0.032965135,1D1nixOVWOxvNfWi0UD7VX
We Are Young (feat. Janelle Monáe) BY fun....,0.021601858196337684,0.22837837837837838,0.5850673194614443,0.00013252595155709344,0.0616508587541656,0.720125786163522,0.08321354416227439,0.8472949023876308,0.7295081967213114,0.0342144,0.2573051,0.6594574,0.04902314,7a86XRg84qjasly9f6bPSD
3AM BY Matchbox T...,0.00610602969074583,0.42162162162162165,0.627906976744186,0.0,0.10663932325044859,0.5164439203354296,0.008784539210988658,0.31663666429438614,0.5046838407494145,0.06742172,0.3710169,0.46333066,0.09823071,5vYA1mW9g2Coh1HUFUSmlb
Smile BY Uncle Krac...,0.22032201352382957,0.44864864864864873,0.7980416156670747,0.0,0.49115611381696994,0.8388364779874213,0.01708992173774157,0.5470618607052651,0.5796252927400468,0.05244469,0.3255199,0.45844087,0.16359448,4ZC8hXXqu2hPcDLw9QTdtQ
Wake Me Up BY Avicii...,0.004010237888658074,0.43648648648648647,0.762545899632803,0.002076124567474048,0.15918995129453986,0.7121986373165617,0.04695735505510302,0.4286152858598122,0.6217798594847774,0.027983043,0.3662589,0.5647031,0.04105502,4h8VwCb1MTGoLKueQ1WgbD
"10,000 Emerald Pools BY BØRNS...",0.007419971701381159,0.48513513513513506,0.5116279069767441,0.0006107266435986159,0.0797231479107921,0.7192741090146749,0.027950806580418465,0.539351948758739,0.5187353629976581,0.073970795,0.38071406,0.4335588,0.11175645,2pA4ip3VIEVcIa3qE02oAX
Fine By Me BY Andy Gramm...,0.009407173254656079,0.5054054054054054,0.7723378212974297,0.0,0.010638297872340427,0.8176755765199161,0.014214981632327109,0.19078020122521316,0.8969555035128806,0.021849366,0.20528233,0.75594157,0.016926697,4wTChU0tU44TAMC0xcQizi
Accidentally In Love BY Counting C...,0.04766351791141858,0.46621621621621623,0.9388004895960832,5.7439446366782005e-06,0.06511150986926428,0.8468946540880502,0.023798115317042005,0.5257392444984021,0.8173302107728337,0.0120230615,0.26567027,0.70254004,0.019766562,4ccM2xBxicGigjLqt6A0YY
SUPERBLOOM BY MisterWive...,0.20729118366628912,0.4716216216216217,0.8922888616891064,0.0006695501730103806,0.37323763137657007,0.8269785115303983,0.12633764574349143,0.7497243968127714,0.7072599531615924,0.02932733,0.27599457,0.63301,0.06166802,25ran9X0iBOYnxFdP6c28n
Nobody BY Hozier...,0.27787484539463325,0.6324324324324325,0.8237454100367195,0.000273356401384083,0.1348372212253268,0.7580581761006289,0.08513017089921737,0.197785406287939,0.6077283372365339,0.098246805,0.3158042,0.49880025,0.08714879,69WkwzVjQS4Dc8QQtpz0qM
Don't Let Me Down BY Milky Chan...,0.3745201668380582,0.8716216216216216,0.6291309669522643,0.0001698961937716263,0.10663932325044859,0.6058700209643605,0.0587765532662514,0.33008191345362187,0.7224824355971896,0.24411283,0.13908832,0.49750435,0.11929453,4hoNqOv7FRMefk6yC83yqP
All My Love BY George Ezr...,0.14648064433110033,0.32432432432432434,0.5030599755201958,0.0,0.31043322225070497,0.744365828092243,0.04376297716019805,0.7750380262625416,0.6370023419203746,0.07747771,0.2226219,0.51664734,0.18325299,22GUd9JOxhSidGguHxf3Nu
The Way It Was BY Coast Mode...,0.09033948569486357,0.622972972972973,0.7111383108935128,6.418685121107267e-05,0.07152012304537297,0.6936582809224318,0.04376297716019805,0.12131424345180791,0.5468384074941451,0.08211149,0.40534517,0.44869176,0.06385169,7K95NCjCNx1TwlpnbjQn6S
Forgive Me Friend BY Smith & Th...,0.042016824973151054,0.47837837837837827,0.9155446756425948,2.647058823529412e-06,0.40784414252755696,0.795335429769392,0.014374700527072348,0.4554918295865254,0.6533957845433255,0.019012332,0.38457003,0.553565,0.04285262,5jnZUl6PwWB0Maze4kDJfC
